{
  "images" : [
    {
      "filename" : "touming.png",
      "idiom" : "universal",
      "resizing" : {
        "cap-insets" : {
          "bottom" : 9,
          "left" : 6,
          "right" : 2,
          "top" : 8
        },
        "center" : {
          "height" : 1,
          "mode" : "tile",
          "width" : 1
        },
        "mode" : "9-part"
      },
      "scale" : "1x"
    },
    {
      "filename" : "touming@2x.png",
      "idiom" : "universal",
      "resizing" : {
        "cap-insets" : {
          "bottom" : 18,
          "left" : 9,
          "right" : 4,
          "top" : 17
        },
        "center" : {
          "height" : 1,
          "mode" : "tile",
          "width" : 1
        },
        "mode" : "9-part"
      },
      "scale" : "2x"
    },
    {
      "filename" : "touming@3x.png",
      "idiom" : "universal",
      "resizing" : {
        "cap-insets" : {
          "bottom" : 27,
          "left" : 13,
          "right" : 6,
          "top" : 26
        },
        "center" : {
          "height" : 1,
          "mode" : "tile",
          "width" : 1
        },
        "mode" : "9-part"
      },
      "scale" : "3x"
    }
  ],
  "info" : {
    "author" : "xcode",
    "version" : 1
  }
}
