{
  "images" : [
    {
      "filename" : "huati bg2.png",
      "idiom" : "universal",
      "resizing" : {
        "cap-insets" : {
          "bottom" : 69,
          "left" : 187,
          "right" : 187,
          "top" : 66
        },
        "center" : {
          "height" : 1,
          "mode" : "tile",
          "width" : 1
        },
        "mode" : "9-part"
      },
      "scale" : "1x"
    },
    {
      "filename" : "huati bg2@2x.png",
      "idiom" : "universal",
      "resizing" : {
        "cap-insets" : {
          "bottom" : 139,
          "left" : 374,
          "right" : 375,
          "top" : 132
        },
        "center" : {
          "height" : 1,
          "mode" : "tile",
          "width" : 1
        },
        "mode" : "9-part"
      },
      "scale" : "2x"
    },
    {
      "filename" : "huati bg2@3x.png",
      "idiom" : "universal",
      "resizing" : {
        "cap-insets" : {
          "bottom" : 208,
          "left" : 562,
          "right" : 562,
          "top" : 197
        },
        "center" : {
          "height" : 1,
          "mode" : "tile",
          "width" : 1
        },
        "mode" : "9-part"
      },
      "scale" : "3x"
    }
  ],
  "info" : {
    "author" : "xcode",
    "version" : 1
  }
}
